cell	gene	signature_id	compound_id	compound	dose	dose_unit	time_hours	quality_pass	nsample	cc_q75	tas	qc_pass	is_hiq	correlation	exclude_BUB1B_correlation	common_response_removed_correlation	reversal_rank	mimic_rank	gene_reference_count	query_guide_count	query_profile_count	query_quality_passes
A375	BUB1B	CPC014_A375_6H:M02	BRD-K13514097	everolimus	10.0	uM	6	False	2	0.6158	0.461327	1	1	0.1809341758489608	0.1798201613286089	0.1466023060046273	4668	452	5119	1	2	0
A375	MTOR	CPC014_A375_6H:M02	BRD-K13514097	everolimus	10.0	uM	6	False	2	0.6158	0.461327	1	1	0.1489032506942749	0.1487967047173373	0.1014707289858084	4289	831	5119	1	1	1
A375	BUB1B	LJP007_A375_24H:K19	BRD-A25736793	everolimus	10.0	uM	24	True	3	0.3207	0.223255	1	0	0.1533707082271576	0.1549977082619321	0.1243485283216575	4328	791	5119	1	2	0
A375	MTOR	LJP007_A375_24H:K19	BRD-A25736793	everolimus	10.0	uM	24	True	3	0.3207	0.223255	1	0	0.324800044298172	0.3249419282185257	0.2925652786083393	5119	1	5119	1	1	1
A375	BUB1B	LJP007_A375_24H:K20	BRD-A25736793	everolimus	3.33	uM	24	True	3	0.5377	0.29936	1	1	-0.1455347836017608	-0.1463327165757396	-0.1452619600264723	1048	4072	5119	1	2	0
A375	MTOR	LJP007_A375_24H:K20	BRD-A25736793	everolimus	3.33	uM	24	True	3	0.5377	0.29936	1	1	-0.0083180796355009	-0.0082583701543317	-0.0207981160292618	2645	2475	5119	1	1	1
A375	BUB1B	LJP007_A375_24H:K21	BRD-A25736793	everolimus	1.11	uM	24	True	3	0.4578	0.251383	1	1	0.1029508262872695	0.1043358093023787	0.0680004422394966	3748	1372	5119	1	2	0
A375	MTOR	LJP007_A375_24H:K21	BRD-A25736793	everolimus	1.11	uM	24	True	3	0.4578	0.251383	1	1	0.2631135582923889	0.2632190280916474	0.2243330181184586	5113	7	5119	1	1	1
A375	BUB1B	LJP007_A375_24H:K22	BRD-A25736793	everolimus	0.37	uM	24	False	2	0.4699	0.274652	1	1	0.1276916116476059	0.1291528570765476	0.096102606849865	4235	885	5119	1	2	0
A375	MTOR	LJP007_A375_24H:K22	BRD-A25736793	everolimus	0.37	uM	24	False	2	0.4699	0.274652	1	1	0.2520233690738678	0.2521277668992648	0.2147758306526666	5112	8	5119	1	1	1
A375	BUB1B	LJP007_A375_24H:K23	BRD-A25736793	everolimus	0.12	uM	24	True	3	0.4845	0.468467	1	0	0.2581298947334289	0.2615180067840117	0.2101248424671672	4139	981	5119	1	2	0
A375	MTOR	LJP007_A375_24H:K23	BRD-A25736793	everolimus	0.12	uM	24	True	3	0.4845	0.468467	1	0	0.357036292552948	0.3575801464457953	0.3061241946285737	4712	408	5119	1	1	1
A375	BUB1B	LJP007_A375_24H:K24	BRD-A25736793	everolimus	0.04	uM	24	False	1	0.0	0.0	1	0	-0.1135949715971946	-0.1141345948379328	-0.1312945761388102	651	4469	5119	1	2	0
A375	MTOR	LJP007_A375_24H:K24	BRD-A25736793	everolimus	0.04	uM	24	False	1	0.0	0.0	1	0	0.0648987740278244	0.0649266227683232	0.0378472195677111	3774	1346	5119	1	1	1
A375	BUB1B	LPROT003_A375_6H:BRD-K13514097:0.1	BRD-K13514097	everolimus	0.1	uM	6	True	3	0.39	0.240462	1	1	-0.0042877192609012	-0.0018735374027041	-0.0220172426710294	2402	2718	5119	1	2	0
A375	MTOR	LPROT003_A375_6H:BRD-K13514097:0.1	BRD-K13514097	everolimus	0.1	uM	6	True	3	0.39	0.240462	1	1	0.1200036406517028	0.120276993911354	0.0929629409809925	4713	407	5119	1	1	1
A375	BUB1B	REP.A010_A375_24H:H01	BRD-K13154216	everolimus	10.0	uM	24	False	3	0.578	0.48071	0	0	0.2481795251369476	0.2515361614426386	0.1981814861561087	4133	987	5119	1	2	0
A375	MTOR	REP.A010_A375_24H:H01	BRD-K13154216	everolimus	10.0	uM	24	False	3	0.578	0.48071	0	0	0.4174485206604004	0.4180593971100986	0.3702431832611936	5087	33	5119	1	1	1
A375	BUB1B	REP.A010_A375_24H:H02	BRD-K13154216	everolimus	3.33333	uM	24	False	3	0.6064	0.458469	0	0	0.242014929652214	0.2428748163405515	0.2017285203038161	4324	796	5119	1	2	0
A375	MTOR	REP.A010_A375_24H:H02	BRD-K13154216	everolimus	3.33333	uM	24	False	3	0.6064	0.458469	0	0	0.4396026134490967	0.4397047819449058	0.4019229757377894	5114	6	5119	1	1	1
A375	BUB1B	REP.A010_A375_24H:H03	BRD-K13154216	everolimus	1.11111	uM	24	False	3	0.5706	0.423219	0	0	0.2109871357679367	0.213456749531696	0.1650606929489114	4101	1019	5119	1	2	0
A375	MTOR	REP.A010_A375_24H:H03	BRD-K13154216	everolimus	1.11111	uM	24	False	3	0.5706	0.423219	0	0	0.4327544867992401	0.4331748283537556	0.3916459043622909	5117	3	5119	1	1	1
A375	BUB1B	REP.A010_A375_24H:H04	BRD-K13154216	everolimus	0.37037	uM	24	False	3	0.6494	0.507578	0	0	0.263934850692749	0.2674257597888311	0.2139798083787872	4127	993	5119	1	2	0
A375	MTOR	REP.A010_A375_24H:H04	BRD-K13154216	everolimus	0.37037	uM	24	False	3	0.6494	0.507578	0	0	0.4509944021701813	0.4517163003119829	0.4057330620952025	5089	31	5119	1	1	1
A375	BUB1B	REP.A010_A375_24H:H05	BRD-K13154216	everolimus	0.123457	uM	24	False	3	0.6458	0.496953	0	0	0.2768257558345794	0.2803702959479061	0.2291758268542812	4234	886	5119	1	2	0
A375	MTOR	REP.A010_A375_24H:H05	BRD-K13154216	everolimus	0.123457	uM	24	False	3	0.6458	0.496953	0	0	0.4590313136577606	0.4597814760099815	0.4155336228135721	5095	25	5119	1	1	1
A375	BUB1B	REP.A010_A375_24H:H06	BRD-K13154216	everolimus	0.0411523	uM	24	False	3	0.5177	0.366679	0	0	0.1407309472560882	0.1433637702148922	0.1070514703728481	4177	943	5119	1	2	0
A375	MTOR	REP.A010_A375_24H:H06	BRD-K13154216	everolimus	0.0411523	uM	24	False	3	0.5177	0.366679	0	0	0.3411024510860443	0.3415214419221291	0.3062988128303394	5116	4	5119	1	1	1
A375	BUB1B	REP.B010_A375_24H:H01	BRD-K13154216	everolimus	2.30769	uM	24	False	1	0.0	0.0	1	0	0.1910349577665329	0.1914221481195473	0.1564154090157666	4153	967	5119	1	2	0
A375	MTOR	REP.B010_A375_24H:H01	BRD-K13154216	everolimus	2.30769	uM	24	False	1	0.0	0.0	1	0	0.3609940409660339	0.3610135781447134	0.3248634215873147	5108	12	5119	1	1	1
A375	BUB1B	REP.B010_A375_24H:H02	BRD-K13154216	everolimus	0.769231	uM	24	False	1	0.0	0.0	1	0	0.2235618233680725	0.2270917974516484	0.1966896335643608	4485	635	5119	1	2	0
A375	MTOR	REP.B010_A375_24H:H02	BRD-K13154216	everolimus	0.769231	uM	24	False	1	0.0	0.0	1	0	0.3628561794757843	0.3634744262885857	0.3322358859146103	5106	14	5119	1	1	1
A375	BUB1B	REP.B010_A375_24H:H03	BRD-K13154216	everolimus	0.25641	uM	24	False	1	0.0	0.0	1	0	0.2502601444721222	0.2507673977796045	0.2187943742494204	4474	646	5119	1	2	0
A375	MTOR	REP.B010_A375_24H:H03	BRD-K13154216	everolimus	0.25641	uM	24	False	1	0.0	0.0	1	0	0.3819197416305542	0.381902564103695	0.3475071245089954	5102	18	5119	1	1	1
A375	BUB1B	REP.B010_A375_24H:H04	BRD-K13154216	everolimus	0.0854701	uM	24	False	1	0.0	0.0	1	0	0.2652404904365539	0.2649166220230461	0.2235065780974229	4231	889	5119	1	2	0
A375	MTOR	REP.B010_A375_24H:H04	BRD-K13154216	everolimus	0.0854701	uM	24	False	1	0.0	0.0	1	0	0.4223881661891937	0.4223370197119965	0.3813676476467842	5090	30	5119	1	1	1
A375	BUB1B	REP.B010_A375_24H:H05	BRD-K13154216	everolimus	0.02849	uM	24	False	1	0.0	0.0	1	0	0.1499160677194595	0.1514614253509998	0.119476334940721	4264	856	5119	1	2	0
A375	MTOR	REP.B010_A375_24H:H05	BRD-K13154216	everolimus	0.02849	uM	24	False	1	0.0	0.0	1	0	0.3233905732631683	0.323594765425857	0.2900169841951889	5114	6	5119	1	1	1
A375	BUB1B	REP.B010_A375_24H:H06	BRD-K13154216	everolimus	0.00949668	uM	24	False	1	0.0	0.0	1	0	0.1691759377717971	0.1711377449399678	0.1377334743628614	4315	805	5119	1	2	0
A375	MTOR	REP.B010_A375_24H:H06	BRD-K13154216	everolimus	0.00949668	uM	24	False	1	0.0	0.0	1	0	0.3211197257041931	0.3213986651186279	0.286197911115129	5107	13	5119	1	1	1
HT29	BUB1B	CPC014_HT29_6H:BRD-K13514097-001-01-2:10	BRD-K13514097	everolimus	10.0	uM	6	False	4	0.74	0.708277	0	0	0.2425687611103058	0.243114475643203	0.1969524283580849	4730	384	5113	1	2	1
HT29	MTOR	CPC014_HT29_6H:BRD-K13514097-001-01-2:10	BRD-K13514097	everolimus	10.0	uM	6	False	4	0.74	0.708277	0	0	0.2837677299976349	0.2838224193151732	0.2179824889747652	4946	168	5113	2	2	1
HT29	BUB1B	LJP007_HT29_24H:K19	BRD-A25736793	everolimus	10.0	uM	24	False	1	0.0	0.0	1	0	0.0933496877551078	0.0954613517607016	0.0501629747665512	3135	1979	5113	1	2	1
HT29	MTOR	LJP007_HT29_24H:K19	BRD-A25736793	everolimus	10.0	uM	24	False	1	0.0	0.0	1	0	0.3380288183689117	0.3380559138999657	0.2861562964680074	5036	78	5113	2	2	1
HT29	BUB1B	LJP007_HT29_24H:K20	BRD-A25736793	everolimus	3.33	uM	24	False	1	0.0	0.0	1	0	-0.0907201319932937	-0.0928264481969162	-0.0768320389718808	1409	3705	5113	1	2	1
HT29	MTOR	LJP007_HT29_24H:K20	BRD-A25736793	everolimus	3.33	uM	24	False	1	0.0	0.0	1	0	-0.0577162504196167	-0.0575796260319922	-0.0731915797567381	1923	3191	5113	2	2	1
HT29	BUB1B	LJP007_HT29_24H:K21	BRD-A25736793	everolimus	1.11	uM	24	False	1	0.0	0.0	1	0	0.0312496609985828	0.0332706243874014	-0.0086729118549132	2535	2579	5113	1	2	1
HT29	MTOR	LJP007_HT29_24H:K21	BRD-A25736793	everolimus	1.11	uM	24	False	1	0.0	0.0	1	0	0.3176094591617584	0.3176647760585676	0.2688090787079514	4869	245	5113	2	2	1
HT29	BUB1B	LJP007_HT29_24H:K22	BRD-A25736793	everolimus	0.37	uM	24	False	1	0.0	0.0	0	0	0.0885572507977485	0.0904298333771592	0.0387365941436501	3004	2110	5113	1	2	1
HT29	MTOR	LJP007_HT29_24H:K22	BRD-A25736793	everolimus	0.37	uM	24	False	1	0.0	0.0	0	0	0.3484569191932678	0.3485544767572467	0.2925313343452035	4874	240	5113	2	2	1
HT29	BUB1B	LJP007_HT29_24H:K23	BRD-A25736793	everolimus	0.12	uM	24	False	1	0.0	0.0	0	0	0.088703267276287	0.0898606785295757	0.0382782051229388	2984	2130	5113	1	2	1
HT29	MTOR	LJP007_HT29_24H:K23	BRD-A25736793	everolimus	0.12	uM	24	False	1	0.0	0.0	0	0	0.3280887603759765	0.328053015039654	0.2699349789707886	4769	345	5113	2	2	1
HT29	BUB1B	LJP007_HT29_24H:K24	BRD-A25736793	everolimus	0.04	uM	24	False	1	0.0	0.0	0	0	0.0719174966216087	0.0734162239730227	0.0233150239008155	2871	2243	5113	1	2	1
HT29	MTOR	LJP007_HT29_24H:K24	BRD-A25736793	everolimus	0.04	uM	24	False	1	0.0	0.0	0	0	0.3550645112991333	0.3550896808689509	0.3012812180356056	4904	210	5113	2	2	1
HT29	BUB1B	REP.A010_HT29_24H:H01	BRD-K13154216	everolimus	10.0	uM	24	False	3	0.3858	0.282983	0	0	0.0390769764780998	0.0408313955565145	0.0142144995148168	2878	2236	5113	1	2	1
HT29	MTOR	REP.A010_HT29_24H:H01	BRD-K13154216	everolimus	10.0	uM	24	False	3	0.3858	0.282983	0	0	0.3689365088939667	0.3690126865405071	0.3341895781177442	5113	1	5113	2	2	1
HT29	BUB1B	REP.A010_HT29_24H:H02	BRD-K13154216	everolimus	3.33333	uM	24	False	3	0.3688	0.250948	0	0	-0.0712591037154197	-0.0717860872730258	-0.0684998187520555	1268	3846	5113	1	2	1
HT29	MTOR	REP.A010_HT29_24H:H02	BRD-K13154216	everolimus	3.33333	uM	24	False	3	0.3688	0.250948	0	0	0.1223138272762298	0.1224208030631971	0.1003579122593436	4707	407	5113	2	2	1
HT29	BUB1B	REP.A010_HT29_24H:H03	BRD-K13154216	everolimus	1.11111	uM	24	False	3	0.2157	0.190186	0	0	0.0062452917918562	0.0056227354367017	-0.0038135082037194	2623	2491	5113	1	2	1
HT29	MTOR	REP.A010_HT29_24H:H03	BRD-K13154216	everolimus	1.11111	uM	24	False	3	0.2157	0.190186	0	0	0.2103541940450668	0.2104086462026057	0.1800190414420315	5109	5	5113	2	2	1
HT29	BUB1B	REP.A010_HT29_24H:H04	BRD-K13154216	everolimus	0.37037	uM	24	False	3	0.213	0.194108	0	0	-0.0557651072740554	-0.0538889743941821	-0.0599960898382286	1279	3835	5113	1	2	1
HT29	MTOR	REP.A010_HT29_24H:H04	BRD-K13154216	everolimus	0.37037	uM	24	False	3	0.213	0.194108	0	0	0.2022315859794616	0.2022213438789089	0.1768029231208575	5085	29	5113	2	2	1
HT29	BUB1B	REP.A010_HT29_24H:H05	BRD-K13154216	everolimus	0.123457	uM	24	False	3	0.2094	0.185088	0	0	-0.0012383800931274	0.0016409552875134	-0.0370640037685608	2000	3113	5113	1	2	1
HT29	MTOR	REP.A010_HT29_24H:H05	BRD-K13154216	everolimus	0.123457	uM	24	False	3	0.2094	0.185088	0	0	0.361885130405426	0.3621727650061851	0.3199638045322674	5113	1	5113	2	2	1
HT29	BUB1B	REP.A010_HT29_24H:H06	BRD-K13154216	everolimus	0.0411523	uM	24	False	3	0.294	0.198445	1	0	-0.0168386250734329	-0.0161573862520975	-0.0095543671745447	2428	2686	5113	1	2	1
HT29	MTOR	REP.A010_HT29_24H:H06	BRD-K13154216	everolimus	0.0411523	uM	24	False	3	0.294	0.198445	1	0	0.1403577178716659	0.1403828845916092	0.1230751906634699	4906	208	5113	2	2	1
HT29	BUB1B	REP.B010_HT29_24H:H01	BRD-K13154216	everolimus	2.30769	uM	24	False	2	0.541	0.411424	1	1	0.0582418143749237	0.0603483232786818	0.020543365497765	2797	2317	5113	1	2	1
HT29	MTOR	REP.B010_HT29_24H:H01	BRD-K13154216	everolimus	2.30769	uM	24	False	2	0.541	0.411424	1	1	0.4270128011703491	0.4271114585524078	0.3867840966376304	5112	2	5113	2	2	1
HT29	BUB1B	REP.B010_HT29_24H:H02	BRD-K13154216	everolimus	0.769231	uM	24	False	2	0.49	0.363	1	1	0.0807142704725265	0.083205427909593	0.044153893697932	3138	1976	5113	1	2	1
HT29	MTOR	REP.B010_HT29_24H:H02	BRD-K13154216	everolimus	0.769231	uM	24	False	2	0.49	0.363	1	1	0.4018564522266388	0.4019793723075586	0.3600189384305616	5112	2	5113	2	2	1
HT29	BUB1B	REP.B010_HT29_24H:H03	BRD-K13154216	everolimus	0.25641	uM	24	False	2	0.4276	0.32528	1	1	0.0275838151574134	0.0296998102149204	0.0038857719870465	2730	2384	5113	1	2	1
HT29	MTOR	REP.B010_HT29_24H:H03	BRD-K13154216	everolimus	0.25641	uM	24	False	2	0.4276	0.32528	1	1	0.3532892763614654	0.3534103837899001	0.3187127179344451	5113	1	5113	2	2	1
HT29	BUB1B	REP.B010_HT29_24H:H04	BRD-K13154216	everolimus	0.0854701	uM	24	False	2	0.4695	0.338725	1	1	-0.0300973840057849	-0.0306374919435871	-0.0287634316904405	2155	2959	5113	1	2	1
HT29	MTOR	REP.B010_HT29_24H:H04	BRD-K13154216	everolimus	0.0854701	uM	24	False	2	0.4695	0.338725	1	1	0.1351774930953979	0.1353456127768608	0.1123718138450429	4548	566	5113	2	2	1
HT29	BUB1B	REP.B010_HT29_24H:H05	BRD-K13154216	everolimus	0.02849	uM	24	False	2	0.3827	0.285978	1	1	-0.0639338567852974	-0.0616683727674702	-0.0739482341624813	852	4262	5113	1	2	1
HT29	MTOR	REP.B010_HT29_24H:H05	BRD-K13154216	everolimus	0.02849	uM	24	False	2	0.3827	0.285978	1	1	0.2253724783658981	0.2254112650958057	0.1962344663894673	5111	3	5113	2	2	1
HT29	BUB1B	REP.B010_HT29_24H:H06	BRD-K13154216	everolimus	0.00949668	uM	24	False	2	0.4703	0.277382	1	1	-0.0853206068277359	-0.0849071676787007	-0.0858174862347327	1030	4084	5113	1	2	1
HT29	MTOR	REP.B010_HT29_24H:H06	BRD-K13154216	everolimus	0.00949668	uM	24	False	2	0.4703	0.277382	1	1	0.11231429874897	0.1124144198738183	0.0872226132932012	4551	563	5113	2	2	1
A549	BUB1B	CPC014_A549_24H:BRD-K13514097-001-01-2:10	BRD-K13514097	everolimus	10.0	uM	24	False	3	0.5	0.390977	0	0	0.1066869646310806	0.1055070194890816	0.1161942988776266	4788	350	5137	1	3	1
A549	MTOR	CPC014_A549_24H:BRD-K13514097-001-01-2:10	BRD-K13514097	everolimus	10.0	uM	24	False	3	0.5	0.390977	0	0	0.0919082313776016	0.0911210661260484	0.0764132986079439	4624	514	5137	4	5	1
A549	BUB1B	CPC014_A549_6H:BRD-K13514097-001-01-2:10	BRD-K13514097	everolimus	10.0	uM	6	False	3	0.42	0.455437	0	0	0.0920376479625701	0.0920147733586046	0.0518618507796012	2846	2292	5137	1	3	1
A549	MTOR	CPC014_A549_6H:BRD-K13514097-001-01-2:10	BRD-K13514097	everolimus	10.0	uM	6	False	3	0.42	0.455437	0	0	0.204714149236679	0.2047375902418607	0.1448540896207371	3994	1144	5137	4	5	1
A549	BUB1B	LJP007_A549_24H:K19	BRD-A25736793	everolimus	10.0	uM	24	True	4	0.3222	0.280015	1	1	0.1365515440702438	0.1356422112695383	0.1356128351102675	4821	316	5137	1	3	1
A549	MTOR	LJP007_A549_24H:K19	BRD-A25736793	everolimus	10.0	uM	24	True	4	0.3222	0.280015	1	1	0.1950358599424362	0.1944840709752858	0.1713491802156733	5111	27	5137	4	5	1
A549	BUB1B	LJP007_A549_24H:K20	BRD-A25736793	everolimus	3.33	uM	24	True	4	0.302	0.25037	1	1	0.1629357784986496	0.1614767575946609	0.163269324465492	5035	103	5137	1	3	1
A549	MTOR	LJP007_A549_24H:K20	BRD-A25736793	everolimus	3.33	uM	24	True	4	0.302	0.25037	1	1	0.2698498964309692	0.2690571424373829	0.2495682357897163	5137	1	5137	4	5	1
A549	BUB1B	LJP007_A549_24H:K21	BRD-A25736793	everolimus	1.11	uM	24	True	4	0.3257	0.249552	1	0	0.1777086704969406	0.1771495683018589	0.1702668863259186	4976	162	5137	1	3	1
A549	MTOR	LJP007_A549_24H:K21	BRD-A25736793	everolimus	1.11	uM	24	True	4	0.3257	0.249552	1	0	0.2857877314090729	0.2854094721694621	0.2587491410190376	5137	1	5137	4	5	1
A549	BUB1B	LJP007_A549_24H:K22	BRD-A25736793	everolimus	0.37	uM	24	True	4	0.2706	0.256076	1	0	0.1570743322372436	0.1554422645105762	0.1541578727756749	5063	75	5137	1	3	1
A549	MTOR	LJP007_A549_24H:K22	BRD-A25736793	everolimus	0.37	uM	24	True	4	0.2706	0.256076	1	0	0.331151008605957	0.3303042156052035	0.3098500826872615	5137	1	5137	4	5	1
A549	BUB1B	LJP007_A549_24H:K23	BRD-A25736793	everolimus	0.12	uM	24	True	4	0.3527	0.281032	1	1	0.1977124512195587	0.1959416241666547	0.1930243520164681	5095	43	5137	1	3	1
A549	MTOR	LJP007_A549_24H:K23	BRD-A25736793	everolimus	0.12	uM	24	True	4	0.3527	0.281032	1	1	0.3056995570659637	0.3047198612438906	0.2818023560399576	5137	1	5137	4	5	1
A549	BUB1B	LJP007_A549_24H:K24	BRD-A25736793	everolimus	0.04	uM	24	True	4	0.3945	0.403187	1	1	0.0316611714661121	0.0323378956057717	-0.0099357325285451	2363	2775	5137	1	3	1
A549	MTOR	LJP007_A549_24H:K24	BRD-A25736793	everolimus	0.04	uM	24	True	4	0.3945	0.403187	1	1	0.1978230029344558	0.1982787302156581	0.1385862714832766	3687	1451	5137	4	5	1
A549	BUB1B	LKCP001_A549_24H:K01	BRD-K13154216	everolimus	10.0	uM	24	True	5	0.5954	0.546734	1	1	0.2474599480628967	0.245451298604708	0.2403902291214599	5001	137	5137	1	3	1
A549	MTOR	LKCP001_A549_24H:K01	BRD-K13154216	everolimus	10.0	uM	24	True	5	0.5954	0.546734	1	1	0.2724465727806091	0.2712309318694861	0.2446290900721372	5071	67	5137	4	5	1
A549	BUB1B	LKCP001_A549_24H:K02	BRD-K13154216	everolimus	1.0	uM	24	True	5	0.5735	0.51255	1	1	0.1790025234222412	0.1773790107193397	0.1714806059199455	4978	160	5137	1	3	1
A549	MTOR	LKCP001_A549_24H:K02	BRD-K13154216	everolimus	1.0	uM	24	True	5	0.5735	0.51255	1	1	0.283955305814743	0.2829248003280933	0.2567611463781175	5135	3	5137	4	5	1
A549	BUB1B	LKCP001_A549_24H:K03	BRD-K13154216	everolimus	0.1	uM	24	True	5	0.595	0.519148	1	1	0.2366525381803512	0.2351073200147699	0.2307785576774346	5119	19	5137	1	3	1
A549	MTOR	LKCP001_A549_24H:K03	BRD-K13154216	everolimus	0.1	uM	24	True	5	0.595	0.519148	1	1	0.3472478985786438	0.3463399771738829	0.3235058245948821	5137	1	5137	4	5	1
A549	BUB1B	LKCP001_A549_48H:K01	BRD-K13154216	everolimus	10.0	uM	48	True	4	0.4944	0.456371	1	1	0.091154396533966	0.0903936856664358	0.0708186697553457	3163	1975	5137	1	3	1
A549	MTOR	LKCP001_A549_48H:K01	BRD-K13154216	everolimus	10.0	uM	48	True	4	0.4944	0.456371	1	1	0.2528043389320373	0.2523759791095837	0.2139076957515499	4968	170	5137	4	5	1
A549	BUB1B	LKCP001_A549_48H:K02	BRD-K13154216	everolimus	1.0	uM	48	True	4	0.5526	0.454132	1	1	0.1651912480592727	0.1636480446220014	0.1580993738919736	4888	250	5137	1	3	1
A549	MTOR	LKCP001_A549_48H:K02	BRD-K13154216	everolimus	1.0	uM	48	True	4	0.5526	0.454132	1	1	0.2789912521839142	0.2780439729590703	0.2521201104651441	5133	5	5137	4	5	1
A549	BUB1B	LKCP001_A549_48H:K03	BRD-K13154216	everolimus	0.1	uM	48	True	4	0.4883	0.416235	1	1	0.1061404794454574	0.1050490868575239	0.0934593198728144	3697	1441	5137	1	3	1
A549	MTOR	LKCP001_A549_48H:K03	BRD-K13154216	everolimus	0.1	uM	48	True	4	0.4883	0.416235	1	1	0.23304083943367	0.2323390717056516	0.1997919149437347	5021	117	5137	4	5	1
A549	BUB1B	LKCP001_A549_6H:K01	BRD-K13154216	everolimus	10.0	uM	6	True	4	0.6271	0.520798	1	1	0.3070288300514221	0.3049158349984883	0.3130872521127367	5100	38	5137	1	3	1
A549	MTOR	LKCP001_A549_6H:K01	BRD-K13154216	everolimus	10.0	uM	6	True	4	0.6271	0.520798	1	1	0.1811378598213195	0.1797441552983016	0.1655778002180543	4477	661	5137	4	5	1
A549	BUB1B	LKCP001_A549_6H:K02	BRD-K13154216	everolimus	1.0	uM	6	True	4	0.4407	0.336979	1	1	0.2017640024423599	0.2002584125626614	0.2020507222137351	5121	17	5137	1	3	1
A549	MTOR	LKCP001_A549_6H:K02	BRD-K13154216	everolimus	1.0	uM	6	True	4	0.4407	0.336979	1	1	0.2628861367702484	0.2619821158700807	0.2423744628686832	5136	2	5137	4	5	1
A549	BUB1B	LKCP001_A549_6H:K03	BRD-K13154216	everolimus	0.1	uM	6	True	4	0.4237	0.316349	1	1	0.1703879535198211	0.1686906178935387	0.167418307225735	5119	19	5137	1	3	1
A549	MTOR	LKCP001_A549_6H:K03	BRD-K13154216	everolimus	0.1	uM	6	True	4	0.4237	0.316349	1	1	0.2133986204862594	0.2123553590161978	0.1881751912286174	5136	2	5137	4	5	1
A549	BUB1B	LPROT005_A549_6H:BRD-K13514097:0.1	BRD-K13514097	everolimus	0.1	uM	6	False	3	0.33	0.265559	0	0	0.0618346780538558	0.0624401205602744	0.0462692001745332	2976	2162	5137	1	3	1
A549	MTOR	LPROT005_A549_6H:BRD-K13514097:0.1	BRD-K13514097	everolimus	0.1	uM	6	False	3	0.33	0.265559	0	0	0.2066688686609268	0.2070514702483789	0.1702463766339499	5035	103	5137	4	5	1
A549	BUB1B	LUNG001_A549_24H:BRD-K13514097:10	BRD-K13514097	everolimus	10.0	uM	24	False	2	0.7349	0.56312	1	1	0.066589243710041	0.0646702396684417	0.0685002179534028	4037	1101	5137	1	3	1
A549	MTOR	LUNG001_A549_24H:BRD-K13514097:10	BRD-K13514097	everolimus	10.0	uM	24	False	2	0.7349	0.56312	1	1	0.0829466804862022	0.0818055969410182	0.0589413218879779	4403	735	5137	4	5	1
A549	BUB1B	REP.A010_A549_24H:H01	BRD-K13154216	everolimus	10.0	uM	24	True	3	0.5351	0.458964	1	1	0.2867472767829895	0.286716783104844	0.2781091965537819	4959	179	5137	1	3	1
A549	MTOR	REP.A010_A549_24H:H01	BRD-K13154216	everolimus	10.0	uM	24	True	3	0.5351	0.458964	1	1	0.2467102706432342	0.2464394541208326	0.2157144156367099	4709	429	5137	4	5	1
A549	BUB1B	REP.A010_A549_24H:H02	BRD-K13154216	everolimus	3.33333	uM	24	False	2	0.5968	0.429288	1	1	0.1198469325900077	0.1215403578585056	0.0972087998102685	3179	1959	5137	1	3	1
A549	MTOR	REP.A010_A549_24H:H02	BRD-K13154216	everolimus	3.33333	uM	24	False	2	0.5968	0.429288	1	1	0.2150579541921615	0.2160611458199624	0.1713975087309601	4005	1133	5137	4	5	1
A549	BUB1B	REP.A010_A549_24H:H03	BRD-K13154216	everolimus	1.11111	uM	24	True	3	0.5441	0.415959	1	1	0.244828462600708	0.2434098259773647	0.2448288982117429	5115	23	5137	1	3	1
A549	MTOR	REP.A010_A549_24H:H03	BRD-K13154216	everolimus	1.11111	uM	24	True	3	0.5441	0.415959	1	1	0.2980961203575134	0.2971674084760103	0.2783199296336679	5135	3	5137	4	5	1
A549	BUB1B	REP.A010_A549_24H:H04	BRD-K13154216	everolimus	0.37037	uM	24	True	3	0.5249	0.407238	1	1	0.2222934067249298	0.2239648030622038	0.213596312367238	4840	298	5137	1	3	1
A549	MTOR	REP.A010_A549_24H:H04	BRD-K13154216	everolimus	0.37037	uM	24	True	3	0.5249	0.407238	1	1	0.296991765499115	0.297965985441479	0.2687780299810678	5105	33	5137	4	5	1
A549	BUB1B	REP.A010_A549_24H:H05	BRD-K13154216	everolimus	0.123457	uM	24	True	3	0.502	0.367418	1	1	0.1836259067058563	0.1822912994035294	0.1780593566540642	5000	138	5137	1	3	1
A549	MTOR	REP.A010_A549_24H:H05	BRD-K13154216	everolimus	0.123457	uM	24	True	3	0.502	0.367418	1	1	0.2717808783054352	0.2709760630476006	0.2459411699020214	5123	15	5137	4	5	1
A549	BUB1B	REP.A010_A549_24H:H06	BRD-K13154216	everolimus	0.0411523	uM	24	True	3	0.4243	0.349157	1	1	0.1333348006010055	0.134837316305809	0.1188990723464988	3816	1322	5137	1	3	1
A549	MTOR	REP.A010_A549_24H:H06	BRD-K13154216	everolimus	0.0411523	uM	24	True	3	0.4243	0.349157	1	1	0.2300701439380645	0.230993132194347	0.1946660593574152	4742	396	5137	4	5	1
A549	BUB1B	REP.B010_A549_24H:H01	BRD-K13154216	everolimus	2.30769	uM	24	False	2	0.4799	0.405442	1	1	0.136677861213684	0.1385348902931387	0.1246404515044757	3775	1363	5137	1	3	1
A549	MTOR	REP.B010_A549_24H:H01	BRD-K13154216	everolimus	2.30769	uM	24	False	2	0.4799	0.405442	1	1	0.2447526901960373	0.2459320470973961	0.212208357315754	4839	299	5137	4	5	1
A549	BUB1B	REP.B010_A549_24H:H02	BRD-K13154216	everolimus	0.769231	uM	24	False	2	0.6246	0.43184	1	1	0.2084148377180099	0.2086916020086241	0.2009636439499306	4866	272	5137	1	3	1
A549	MTOR	REP.B010_A549_24H:H02	BRD-K13154216	everolimus	0.769231	uM	24	False	2	0.6246	0.43184	1	1	0.2648461461067199	0.2649494776315067	0.2367216051119274	5081	57	5137	4	5	1
A549	BUB1B	REP.B010_A549_24H:H03	BRD-K13154216	everolimus	0.25641	uM	24	False	2	0.5215	0.413724	1	1	0.2107202559709549	0.209974658843372	0.2104876362130929	5092	46	5137	1	3	1
A549	MTOR	REP.B010_A549_24H:H03	BRD-K13154216	everolimus	0.25641	uM	24	False	2	0.5215	0.413724	1	1	0.2711086869239807	0.2706078322912442	0.2503225910331244	5131	7	5137	4	5	1
A549	BUB1B	REP.B010_A549_24H:H04	BRD-K13154216	everolimus	0.0854701	uM	24	False	2	0.5952	0.408354	1	1	0.2724916338920593	0.2714993400410037	0.2801607208477648	5130	8	5137	1	3	1
A549	MTOR	REP.B010_A549_24H:H04	BRD-K13154216	everolimus	0.0854701	uM	24	False	2	0.5952	0.408354	1	1	0.2996482849121094	0.2988782249219562	0.2878113555549906	5136	2	5137	4	5	1
A549	BUB1B	REP.B010_A549_24H:H05	BRD-K13154216	everolimus	0.02849	uM	24	False	2	0.6023	0.410033	1	1	0.2486325204372406	0.2469703798792985	0.2577134845553241	5113	25	5137	1	3	1
A549	MTOR	REP.B010_A549_24H:H05	BRD-K13154216	everolimus	0.02849	uM	24	False	2	0.6023	0.410033	1	1	0.2743497788906097	0.2732924539970748	0.2632533617425202	5124	14	5137	4	5	1
A549	BUB1B	REP.B010_A549_24H:H06	BRD-K13154216	everolimus	0.00949668	uM	24	False	2	0.3411	0.271919	1	1	0.2271300107240677	0.2255474795730249	0.2312392504148324	5124	14	5137	1	3	1
A549	MTOR	REP.B010_A549_24H:H06	BRD-K13154216	everolimus	0.00949668	uM	24	False	2	0.3411	0.271919	1	1	0.2850786447525024	0.2840584885163543	0.2689893152424386	5137	1	5137	4	5	1
YAPC	BUB1B	LJP007_YAPC_24H:K19	BRD-A25736793	everolimus	10.0	uM	24	True	3	0.4363	0.280207	1	1	-0.0674556642770767	-0.0697007238817647	-0.0338618907179181	2157	2957	5113	1	2	0
YAPC	MTOR	LJP007_YAPC_24H:K19	BRD-A25736793	everolimus	10.0	uM	24	True	3	0.4363	0.280207	1	1	0.1067977771162986	0.1073147275616707	0.1172771213025345	3753	1361	5113	2	2	0
YAPC	BUB1B	LJP007_YAPC_24H:K20	BRD-A25736793	everolimus	3.33	uM	24	True	3	0.3656	0.23362	1	1	-0.0087915053591132	-0.0117527636771249	0.0179330969125452	2662	2452	5113	1	2	0
YAPC	MTOR	LJP007_YAPC_24H:K20	BRD-A25736793	everolimus	3.33	uM	24	True	3	0.3656	0.23362	1	1	0.0898337215185165	0.0904439605964329	0.0956809050096036	3544	1570	5113	2	2	0
YAPC	BUB1B	LJP007_YAPC_24H:K21	BRD-A25736793	everolimus	1.11	uM	24	True	3	0.2986	0.206747	1	1	-0.0614216439425945	-0.0602858898109949	-0.0499957052308744	1721	3393	5113	1	2	0
YAPC	MTOR	LJP007_YAPC_24H:K21	BRD-A25736793	everolimus	1.11	uM	24	True	3	0.2986	0.206747	1	1	0.1847899258136749	0.1846853341514047	0.1766936213899835	4794	320	5113	2	2	0
YAPC	BUB1B	LJP007_YAPC_24H:K22	BRD-A25736793	everolimus	0.37	uM	24	False	3	0.2778	0.196547	1	1	-0.0413422137498855	-0.0421994674989027	-0.0324574516182378	1683	3431	5113	1	2	0
YAPC	MTOR	LJP007_YAPC_24H:K22	BRD-A25736793	everolimus	0.37	uM	24	False	3	0.2778	0.196547	1	1	0.1833882182836532	0.1836037193721321	0.1733544249394328	5093	21	5113	2	2	0
YAPC	BUB1B	LJP007_YAPC_24H:K23	BRD-A25736793	everolimus	0.12	uM	24	True	3	0.3096	0.213507	1	1	-0.0681068524718284	-0.0670720634107769	-0.0572780175242745	1574	3540	5113	1	2	0
YAPC	MTOR	LJP007_YAPC_24H:K23	BRD-A25736793	everolimus	0.12	uM	24	True	3	0.3096	0.213507	1	1	0.1557588577270507	0.1555876319430636	0.1467884589705596	4649	465	5113	2	2	0
YAPC	BUB1B	LJP007_YAPC_24H:K24	BRD-A25736793	everolimus	0.04	uM	24	True	3	0.3662	0.258891	1	1	-0.056522499769926	-0.0575225826299284	-0.0283504170621163	2185	2929	5113	1	2	0
YAPC	MTOR	LJP007_YAPC_24H:K24	BRD-A25736793	everolimus	0.04	uM	24	True	3	0.3662	0.258891	1	1	0.1200554966926574	0.1203616900926078	0.1259493013988271	4008	1106	5113	2	2	0
YAPC	BUB1B	LPROT004_YAPC_6H:BRD-K13514097:0.1	BRD-K13514097	everolimus	0.1	uM	6	True	3	0.41	0.200613	1	1	-0.0261254180222749	-0.0258091004319439	-0.0375724775118641	616	4497	5113	1	2	0
YAPC	MTOR	LPROT004_YAPC_6H:BRD-K13514097:0.1	BRD-K13514097	everolimus	0.1	uM	6	True	3	0.41	0.200613	1	1	0.1447124034166336	0.1446911178864244	0.1165152352476212	5106	8	5113	2	2	0
YAPC	BUB1B	REP.A010_YAPC_24H:H01	BRD-K13154216	everolimus	10.0	uM	24	False	2	0.4135	0.250993	0	0	-0.0513416305184364	-0.0519333678281891	-0.0331966117511831	1665	3449	5113	1	2	0
YAPC	MTOR	REP.A010_YAPC_24H:H01	BRD-K13154216	everolimus	10.0	uM	24	False	2	0.4135	0.250993	0	0	0.1351994574069976	0.1354030118162172	0.1324580712642078	4915	199	5113	2	2	0
YAPC	BUB1B	REP.A010_YAPC_24H:H02	BRD-K13154216	everolimus	3.33333	uM	24	False	2	0.2578	0.229033	0	0	-0.0374479442834854	-0.0390665194706009	-0.0136316982991947	2309	2804	5113	1	2	0
YAPC	MTOR	REP.A010_YAPC_24H:H02	BRD-K13154216	everolimus	3.33333	uM	24	False	2	0.2578	0.229033	0	0	0.1145542189478874	0.1148861608961413	0.1170137726703222	4175	939	5113	2	2	0
YAPC	BUB1B	REP.A010_YAPC_24H:H03	BRD-K13154216	everolimus	1.11111	uM	24	False	2	0.2603	0.202455	0	0	0.0412699505686759	0.0390688169680696	0.0641494283010894	3390	1724	5113	1	2	0
YAPC	MTOR	REP.A010_YAPC_24H:H03	BRD-K13154216	everolimus	1.11111	uM	24	False	2	0.2603	0.202455	0	0	0.1496269702911377	0.1501381751737203	0.1528205522706877	4499	615	5113	2	2	0
YAPC	BUB1B	REP.A010_YAPC_24H:H04	BRD-K13154216	everolimus	0.37037	uM	24	False	2	0.1089	0.138793	0	0	-0.0413169711828231	-0.0428260054373904	-0.017385782482501	2247	2867	5113	1	2	0
YAPC	MTOR	REP.A010_YAPC_24H:H04	BRD-K13154216	everolimus	0.37037	uM	24	False	2	0.1089	0.138793	0	0	0.1038693189620971	0.1041518244101878	0.106366409537161	3964	1150	5113	2	2	0
YAPC	BUB1B	REP.A010_YAPC_24H:H05	BRD-K13154216	everolimus	0.123457	uM	24	False	2	0.3825	0.243819	0	0	-0.0037675553467124	-0.0060181250956928	0.0295200312203482	2831	2283	5113	1	2	0
YAPC	MTOR	REP.A010_YAPC_24H:H05	BRD-K13154216	everolimus	0.123457	uM	24	False	2	0.3825	0.243819	0	0	0.1053235456347465	0.1057940918962197	0.1173600932579897	4061	1053	5113	2	2	0
YAPC	BUB1B	REP.A010_YAPC_24H:H06	BRD-K13154216	everolimus	0.0411523	uM	24	False	2	0.4212	0.258369	0	0	-0.0337635390460491	-0.0364238015832968	-0.0037881899400141	2435	2679	5113	1	2	0
YAPC	MTOR	REP.A010_YAPC_24H:H06	BRD-K13154216	everolimus	0.0411523	uM	24	False	2	0.4212	0.258369	0	0	0.1210524961352348	0.1216367249835296	0.1290839961198778	4312	802	5113	2	2	0
YAPC	BUB1B	REP.B010_YAPC_24H:H01	BRD-K13154216	everolimus	2.30769	uM	24	False	2	0.4811	0.344316	1	1	0.0052509261295199	0.0076782660571157	-0.0166232652719625	2207	2907	5113	1	2	0
YAPC	MTOR	REP.B010_YAPC_24H:H01	BRD-K13154216	everolimus	2.30769	uM	24	False	2	0.4811	0.344316	1	1	0.1880059093236923	0.1877656888832798	0.152038205471862	4638	476	5113	2	2	0
YAPC	BUB1B	REP.B010_YAPC_24H:H02	BRD-K13154216	everolimus	0.769231	uM	24	False	2	0.5055	0.343288	1	1	0.0523887164890766	0.0505530979806847	0.0544143339587873	4146	968	5113	1	2	0
YAPC	MTOR	REP.B010_YAPC_24H:H02	BRD-K13154216	everolimus	0.769231	uM	24	False	2	0.5055	0.343288	1	1	0.1974541544914245	0.1979523753007412	0.1822013677573054	5112	2	5113	2	2	0
YAPC	BUB1B	REP.B010_YAPC_24H:H03	BRD-K13154216	everolimus	0.25641	uM	24	False	2	0.4953	0.328439	1	1	0.0070091127417981	0.0066122228699171	0.0138719033734965	2816	2298	5113	1	2	0
YAPC	MTOR	REP.B010_YAPC_24H:H03	BRD-K13154216	everolimus	0.25641	uM	24	False	2	0.4953	0.328439	1	1	0.1925423443317413	0.1926887549403877	0.1812469133934353	5110	4	5113	2	2	0
YAPC	BUB1B	REP.B010_YAPC_24H:H04	BRD-K13154216	everolimus	0.0854701	uM	24	False	2	0.5256	0.350046	1	1	0.0493072383105754	0.047519453821271	0.054753408746749	3665	1449	5113	1	2	0
YAPC	MTOR	REP.B010_YAPC_24H:H04	BRD-K13154216	everolimus	0.0854701	uM	24	False	2	0.5256	0.350046	1	1	0.1446092128753662	0.1451052868359969	0.1315355441362924	4996	118	5113	2	2	0
YAPC	BUB1B	REP.B010_YAPC_24H:H05	BRD-K13154216	everolimus	0.02849	uM	24	False	2	0.3445	0.263426	1	1	0.0230451337993145	0.0215752119288777	0.0175717956123863	2973	2141	5113	1	2	0
YAPC	MTOR	REP.B010_YAPC_24H:H05	BRD-K13154216	everolimus	0.02849	uM	24	False	2	0.3445	0.263426	1	1	0.2360650151968002	0.236505817707222	0.2153548424979574	5111	3	5113	2	2	0
YAPC	BUB1B	REP.B010_YAPC_24H:H06	BRD-K13154216	everolimus	0.00949668	uM	24	False	2	0.4475	0.289369	1	1	0.02392397262156	0.0242151766409906	0.0351065495168159	3263	1851	5113	1	2	0
YAPC	MTOR	REP.B010_YAPC_24H:H06	BRD-K13154216	everolimus	0.00949668	uM	24	False	2	0.4475	0.289369	1	1	0.154768168926239	0.1548034112803738	0.1469413565176778	5066	48	5113	2	2	0
MCF7	BUB1B	CPC014_MCF7_24H:BRD-K13514097-001-01-2:10	BRD-K13514097	everolimus	10.0	uM	24	False	3	0.61	0.568408	0	0	-0.0699448958039283	-0.0692916229468049	-0.0447736313632937	834	3441	4274	1	1	0
MCF7	MTOR	CPC014_MCF7_24H:BRD-K13514097-001-01-2:10	BRD-K13514097	everolimus	10.0	uM	24	False	3	0.61	0.568408	0	0	0.1613513529300689	0.161434493398451	0.1169648589492419	3858	417	4274	2	2	1
MCF7	BUB1B	CPC014_MCF7_6H:M02	BRD-K13514097	everolimus	10.0	uM	6	True	5	0.6711	0.604767	1	1	-0.0815369561314582	-0.0822259036178685	-0.0532603539915454	433	3842	4274	1	1	0
MCF7	MTOR	CPC014_MCF7_6H:M02	BRD-K13514097	everolimus	10.0	uM	6	True	5	0.6711	0.604767	1	1	0.1772643029689788	0.1774049904311278	0.1362446303357723	4163	112	4274	2	2	1
MCF7	BUB1B	DPK.CP002_MCF7_24H:BRD-K13514097:10	BRD-K13514097	everolimus	10.0	uM	24	True	11	0.6329	0.58121	1	1	-0.101865105330944	-0.1045343308444623	-0.0710015087956882	457	3818	4274	1	1	0
MCF7	MTOR	DPK.CP002_MCF7_24H:BRD-K13514097:10	BRD-K13514097	everolimus	10.0	uM	24	True	11	0.6329	0.58121	1	1	0.3258459866046905	0.3263068013778846	0.2937910412104126	4271	4	4274	2	2	1
MCF7	BUB1B	LJP007_MCF7_24H:K19	BRD-A25736793	everolimus	10.0	uM	24	False	1	0.0	0.0	1	0	0.2836872339248657	0.2819748624279732	0.3299475046419675	4250	25	4274	1	1	0
MCF7	MTOR	LJP007_MCF7_24H:K19	BRD-A25736793	everolimus	10.0	uM	24	False	1	0.0	0.0	1	0	-0.0016317563131451	-0.0014541372422598	-0.0071066658835067	2268	2007	4274	2	2	1
MCF7	BUB1B	LJP007_MCF7_24H:K20	BRD-A25736793	everolimus	3.33	uM	24	False	1	0.0	0.0	1	0	0.2596118152141571	0.2577970358593227	0.3124230036831263	4231	44	4274	1	1	0
MCF7	MTOR	LJP007_MCF7_24H:K20	BRD-A25736793	everolimus	3.33	uM	24	False	1	0.0	0.0	1	0	-0.016057850793004	-0.0158743461909658	-0.0137099291420855	2214	2061	4274	2	2	1
MCF7	BUB1B	LJP007_MCF7_24H:K21	BRD-A25736793	everolimus	1.11	uM	24	False	1	0.0	0.0	0	0	-0.3098693788051605	-0.3089495800440061	-0.2869504150129721	29	4246	4274	1	1	0
MCF7	MTOR	LJP007_MCF7_24H:K21	BRD-A25736793	everolimus	1.11	uM	24	False	1	0.0	0.0	0	0	0.2451294064521789	0.2451651361620264	0.20013907959218	3835	440	4274	2	2	1
MCF7	BUB1B	LJP007_MCF7_24H:K22	BRD-A25736793	everolimus	0.37	uM	24	False	1	0.0	0.0	1	0	-0.0441860146820545	-0.0453843322350191	0.0017931310521333	807	3468	4274	1	1	0
MCF7	MTOR	LJP007_MCF7_24H:K22	BRD-A25736793	everolimus	0.37	uM	24	False	1	0.0	0.0	1	0	0.1693520545959472	0.1694408542430902	0.1452402967533064	4271	4	4274	2	2	1
MCF7	BUB1B	LJP007_MCF7_24H:K23	BRD-A25736793	everolimus	0.12	uM	24	False	1	0.0	0.0	1	0	-0.159596785902977	-0.159802704648209	-0.1083423115568671	104	4171	4274	1	1	0
MCF7	MTOR	LJP007_MCF7_24H:K23	BRD-A25736793	everolimus	0.12	uM	24	False	1	0.0	0.0	1	0	0.1815022677183151	0.1815033918804332	0.1579535977738134	4237	38	4274	2	2	1
MCF7	BUB1B	LJP007_MCF7_24H:K24	BRD-A25736793	everolimus	0.04	uM	24	False	1	0.0	0.0	0	0	-0.2215929329395294	-0.2203209729166933	-0.2069671405243631	109	4166	4274	1	1	0
MCF7	MTOR	LJP007_MCF7_24H:K24	BRD-A25736793	everolimus	0.04	uM	24	False	1	0.0	0.0	0	0	0.2547977864742279	0.2549004080291455	0.2055561931794857	3979	296	4274	2	2	1
MCF7	BUB1B	LKCP001_MCF7_24H:K01	BRD-K13154216	everolimus	10.0	uM	24	True	4	0.4799	0.396261	1	1	-0.1575807332992553	-0.1600187470835554	-0.1309645930825882	82	4193	4274	1	1	0
MCF7	MTOR	LKCP001_MCF7_24H:K01	BRD-K13154216	everolimus	10.0	uM	24	True	4	0.4799	0.396261	1	1	0.3344803154468536	0.3348719224657312	0.2989746532370222	4273	2	4274	2	2	1
MCF7	BUB1B	LKCP001_MCF7_24H:K02	BRD-K13154216	everolimus	1.0	uM	24	True	4	0.4153	0.361061	1	1	-0.0519327670335769	-0.0544276634750524	-0.0330440460845483	476	3799	4274	1	1	0
MCF7	MTOR	LKCP001_MCF7_24H:K02	BRD-K13154216	everolimus	1.0	uM	24	True	4	0.4153	0.361061	1	1	0.2916582226753235	0.2920914308796578	0.2495901343959861	4274	1	4274	2	2	1
MCF7	BUB1B	LKCP001_MCF7_24H:K03	BRD-K13154216	everolimus	0.1	uM	24	True	4	0.4168	0.363476	1	1	-0.2193618863821029	-0.2195954375971697	-0.1926014864849665	41	4234	4274	1	1	0
MCF7	MTOR	LKCP001_MCF7_24H:K03	BRD-K13154216	everolimus	0.1	uM	24	True	4	0.4168	0.363476	1	1	0.2980809807777405	0.2981552680370229	0.2598088125042005	4264	11	4274	2	2	1
MCF7	BUB1B	LKCP001_MCF7_48H:K01	BRD-K13154216	everolimus	10.0	uM	48	True	4	0.5251	0.407974	1	1	-0.109180249273777	-0.1085168443752727	-0.0801646969112699	214	4061	4274	1	1	0
MCF7	MTOR	LKCP001_MCF7_48H:K01	BRD-K13154216	everolimus	10.0	uM	48	True	4	0.5251	0.407974	1	1	0.2705592215061188	0.2706224867620566	0.2342682861129346	4272	3	4274	2	2	1
MCF7	BUB1B	LKCP001_MCF7_48H:K02	BRD-K13154216	everolimus	1.0	uM	48	True	4	0.3389	0.309818	1	1	-0.0345932655036449	-0.0332605807040767	2.886403705555889e-05	889	3386	4274	1	1	0
MCF7	MTOR	LKCP001_MCF7_48H:K02	BRD-K13154216	everolimus	1.0	uM	48	True	4	0.3389	0.309818	1	1	0.1749361902475357	0.1750813310383001	0.140801166573738	4257	18	4274	2	2	1
MCF7	BUB1B	LKCP001_MCF7_48H:K03	BRD-K13154216	everolimus	0.1	uM	48	True	4	0.4691	0.333586	1	1	0.0727970153093338	0.0719608292343121	0.1126193557176755	3425	850	4274	1	1	0
MCF7	MTOR	LKCP001_MCF7_48H:K03	BRD-K13154216	everolimus	0.1	uM	48	True	4	0.4691	0.333586	1	1	0.1141570284962654	0.1143518567606081	0.0871987848772549	3926	349	4274	2	2	1
MCF7	BUB1B	LKCP001_MCF7_6H:K01	BRD-K13154216	everolimus	10.0	uM	6	True	5	0.5039	0.420388	1	1	-0.0527565479278564	-0.0556799524948295	-0.0222612580739039	672	3603	4274	1	1	0
MCF7	MTOR	LKCP001_MCF7_6H:K01	BRD-K13154216	everolimus	10.0	uM	6	True	5	0.5039	0.420388	1	1	0.1729076206684112	0.1732626482722243	0.1343619014389092	4214	61	4274	2	2	1
MCF7	BUB1B	LKCP001_MCF7_6H:K02	BRD-K13154216	everolimus	1.0	uM	6	True	5	0.4016	0.332973	1	1	-0.0046476949937641	-0.0060407783938562	0.0257379927954601	1369	2906	4274	1	1	0
MCF7	MTOR	LKCP001_MCF7_6H:K02	BRD-K13154216	everolimus	1.0	uM	6	True	5	0.4016	0.332973	1	1	0.1779307723045349	0.17811847386809	0.1408076330067798	4270	5	4274	2	2	1
MCF7	BUB1B	LKCP001_MCF7_6H:K03	BRD-K13154216	everolimus	0.1	uM	6	True	5	0.4414	0.351659	1	1	-0.0282701514661312	-0.0292236629031127	0.0046373950361344	890	3385	4274	1	1	0
MCF7	MTOR	LKCP001_MCF7_6H:K03	BRD-K13154216	everolimus	0.1	uM	6	True	5	0.4414	0.351659	1	1	0.2349374890327453	0.2350941564460927	0.2020169481984877	4274	1	4274	2	2	1
MCF7	BUB1B	LPROT004_MCF7_6H:BRD-K13514097:0.1	BRD-K13514097	everolimus	0.1	uM	6	True	3	0.4	0.253402	1	1	-0.2143582552671432	-0.2144620711342204	-0.1768168108450959	7	4268	4274	1	1	0
MCF7	MTOR	LPROT004_MCF7_6H:BRD-K13514097:0.1	BRD-K13514097	everolimus	0.1	uM	6	True	3	0.4	0.253402	1	1	0.2835819125175476	0.2835834686435284	0.2519847717921319	4274	1	4274	2	2	1
MCF7	BUB1B	REP.A010_MCF7_24H:H01	BRD-K13154216	everolimus	10.0	uM	24	False	3	0.5653	0.368556	0	0	-0.0840892568230629	-0.08403269670901	-0.0524488768006923	538	3737	4274	1	1	0
MCF7	MTOR	REP.A010_MCF7_24H:H01	BRD-K13154216	everolimus	10.0	uM	24	False	3	0.5653	0.368556	0	0	0.2854599952697754	0.2855014241359989	0.2524293461953033	4271	4	4274	2	2	1
MCF7	BUB1B	REP.A010_MCF7_24H:H02	BRD-K13154216	everolimus	3.33333	uM	24	False	3	0.6325	0.425539	0	0	-0.2274177074432373	-0.2261605069057393	-0.2189960173427117	96	4179	4274	1	1	0
MCF7	MTOR	REP.A010_MCF7_24H:H02	BRD-K13154216	everolimus	3.33333	uM	24	False	3	0.6325	0.425539	0	0	0.3844380974769592	0.3845703647947857	0.3401480197555699	4270	5	4274	2	2	1
MCF7	BUB1B	REP.A010_MCF7_24H:H03	BRD-K13154216	everolimus	1.11111	uM	24	False	3	0.5295	0.344339	0	0	-0.1377014219760894	-0.1369936066489944	-0.1151900740075977	140	4135	4274	1	1	0
MCF7	MTOR	REP.A010_MCF7_24H:H03	BRD-K13154216	everolimus	1.11111	uM	24	False	3	0.5295	0.344339	0	0	0.2992392480373382	0.2993481086821288	0.2592057903972783	4274	1	4274	2	2	1
MCF7	BUB1B	REP.A010_MCF7_24H:H04	BRD-K13154216	everolimus	0.37037	uM	24	False	3	0.4655	0.323595	0	0	-0.0990591049194336	-0.0984876462159796	-0.0718643305690869	169	4106	4274	1	1	0
MCF7	MTOR	REP.A010_MCF7_24H:H04	BRD-K13154216	everolimus	0.37037	uM	24	False	3	0.4655	0.323595	0	0	0.259682148694992	0.2597666087692683	0.2216140640445699	4272	3	4274	2	2	1
MCF7	BUB1B	REP.A010_MCF7_24H:H05	BRD-K13154216	everolimus	0.123457	uM	24	False	3	0.5888	0.398673	0	0	-0.2239551395177841	-0.2223854579084404	-0.2119557989537121	77	4198	4274	1	1	0
MCF7	MTOR	REP.A010_MCF7_24H:H05	BRD-K13154216	everolimus	0.123457	uM	24	False	3	0.5888	0.398673	0	0	0.3515500426292419	0.3517100569458812	0.3070891575627036	4269	6	4274	2	2	1
MCF7	BUB1B	REP.A010_MCF7_24H:H06	BRD-K13154216	everolimus	0.0411523	uM	24	False	3	0.4417	0.299038	0	0	0.0450446456670761	0.0447901426050699	0.0794865645984991	3042	1233	4274	1	1	0
MCF7	MTOR	REP.A010_MCF7_24H:H06	BRD-K13154216	everolimus	0.0411523	uM	24	False	3	0.4417	0.299038	0	0	0.1895732283592224	0.1896784934103921	0.1584690460597884	4265	10	4274	2	2	1
MCF7	BUB1B	REP.B010_MCF7_24H:H01	BRD-K13154216	everolimus	2.30769	uM	24	False	2	0.2957	0.282526	0	0	-0.2026664167642593	-0.2045675866218083	-0.1842093725834755	12	4263	4274	1	1	0
MCF7	MTOR	REP.B010_MCF7_24H:H01	BRD-K13154216	everolimus	2.30769	uM	24	False	2	0.2957	0.282526	0	0	0.3102880418300628	0.3104867446094277	0.267392452251845	4273	2	4274	2	2	1
MCF7	BUB1B	REP.B010_MCF7_24H:H02	BRD-K13154216	everolimus	0.769231	uM	24	False	2	0.3848	0.299513	0	0	-0.0639186576008796	-0.0639163454813772	-0.028569483845578	188	4087	4274	1	1	0
MCF7	MTOR	REP.B010_MCF7_24H:H02	BRD-K13154216	everolimus	0.769231	uM	24	False	2	0.3848	0.299513	0	0	0.1825969666242599	0.1826996554709291	0.1485759768188927	4266	9	4274	2	2	1
MCF7	BUB1B	REP.B010_MCF7_24H:H03	BRD-K13154216	everolimus	0.25641	uM	24	False	2	0.2971	0.279957	0	0	-0.0182672552764415	-0.0177614888086343	0.0094764506125293	963	3312	4274	1	1	0
MCF7	MTOR	REP.B010_MCF7_24H:H03	BRD-K13154216	everolimus	0.25641	uM	24	False	2	0.2971	0.279957	0	0	0.244794562458992	0.2449032620848203	0.2080910692867147	4274	1	4274	2	2	1
MCF7	BUB1B	REP.B010_MCF7_24H:H04	BRD-K13154216	everolimus	0.0854701	uM	24	False	2	0.3276	0.273922	0	0	-0.0471849367022514	-0.0453969539636896	-0.0156529825353961	818	3457	4274	1	1	0
MCF7	MTOR	REP.B010_MCF7_24H:H04	BRD-K13154216	everolimus	0.0854701	uM	24	False	2	0.3276	0.273922	0	0	0.2355612814426422	0.2357174144515763	0.2009896158185909	4270	5	4274	2	2	1
MCF7	BUB1B	REP.B010_MCF7_24H:H05	BRD-K13154216	everolimus	0.02849	uM	24	False	2	0.4034	0.300553	0	0	-0.1266884803771972	-0.1250349174760848	-0.0945594228060716	171	4104	4274	1	1	0
MCF7	MTOR	REP.B010_MCF7_24H:H05	BRD-K13154216	everolimus	0.02849	uM	24	False	2	0.4034	0.300553	0	0	0.2918493151664734	0.2919680976213351	0.2585911297962683	4274	1	4274	2	2	1
MCF7	BUB1B	REP.B010_MCF7_24H:H06	BRD-K13154216	everolimus	0.00949668	uM	24	False	2	0.4082	0.305767	0	0	0.0236540772020816	0.0243255036411455	0.0610991376621444	2544	1731	4274	1	1	0
MCF7	MTOR	REP.B010_MCF7_24H:H06	BRD-K13154216	everolimus	0.00949668	uM	24	False	2	0.4082	0.305767	0	0	0.2262567281723022	0.2263765035155513	0.1986840779338701	4271	4	4274	2	2	1
PC3	BUB1B	CPC014_PC3_24H:BRD-K13514097-001-01-2:10	BRD-K13514097	everolimus	10.0	uM	24	False	5	0.43	0.434304	0	0	-0.0144132645800709	-0.0163494997226257	-0.0630375700413018	1240	3874	5113	1	2	0
PC3	MTOR	CPC014_PC3_24H:BRD-K13514097-001-01-2:10	BRD-K13514097	everolimus	10.0	uM	24	False	5	0.43	0.434304	0	0	0.0293816998600959	0.0289951984242629	0.0218751390561242	2615	2499	5113	2	2	0
PC3	BUB1B	CPC014_PC3_6H:BRD-K13514097-001-01-2:10	BRD-K13514097	everolimus	10.0	uM	6	False	4	0.54	0.537376	0	0	0.0610172860324382	0.0607376194770787	0.0005769018664626	2925	2189	5113	1	2	0
PC3	MTOR	CPC014_PC3_6H:BRD-K13514097-001-01-2:10	BRD-K13514097	everolimus	10.0	uM	6	False	4	0.54	0.537376	0	0	-0.0365192554891109	-0.0366346619950709	-0.0603429568682093	1128	3986	5113	2	2	0
PC3	BUB1B	LJP007_PC3_24H:K19	BRD-A25736793	everolimus	10.0	uM	24	False	2	0.596	0.369469	1	1	-0.0685860440135002	-0.0699470998568545	-0.0989859734137453	596	4518	5113	1	2	0
PC3	MTOR	LJP007_PC3_24H:K19	BRD-A25736793	everolimus	10.0	uM	24	False	2	0.596	0.369469	1	1	0.2414558380842209	0.2413247666380248	0.2492969721296182	5109	5	5113	2	2	0
PC3	BUB1B	LJP007_PC3_24H:K20	BRD-A25736793	everolimus	3.33	uM	24	False	2	0.4001	0.293106	1	1	0.0056404988281428	0.0061285935212072	-0.036601953204638	1968	3146	5113	1	2	0
PC3	MTOR	LJP007_PC3_24H:K20	BRD-A25736793	everolimus	3.33	uM	24	False	2	0.4001	0.293106	1	1	0.1764356344938278	0.1765620616416154	0.1742500692955123	5076	38	5113	2	2	0
PC3	BUB1B	LJP007_PC3_24H:K21	BRD-A25736793	everolimus	1.11	uM	24	False	2	0.6068	0.360103	1	1	-0.0186018832027912	-0.0192508704852364	-0.0523052596284536	1670	3444	5113	1	2	0
PC3	MTOR	LJP007_PC3_24H:K21	BRD-A25736793	everolimus	1.11	uM	24	False	2	0.6068	0.360103	1	1	0.2142656296491623	0.2142482876816824	0.2190008119902313	5105	9	5113	2	2	0
PC3	BUB1B	LJP007_PC3_24H:K22	BRD-A25736793	everolimus	0.37	uM	24	False	2	0.5785	0.360739	1	1	0.0540084913372993	0.0554559861389035	0.0111773807816369	2898	2216	5113	1	2	0
PC3	MTOR	LJP007_PC3_24H:K22	BRD-A25736793	everolimus	0.37	uM	24	False	2	0.5785	0.360739	1	1	0.1753662079572677	0.175750597748109	0.1710492294224339	4312	802	5113	2	2	0
PC3	BUB1B	LJP007_PC3_24H:K23	BRD-A25736793	everolimus	0.12	uM	24	False	2	0.6262	0.366688	1	1	-0.0857685059309005	-0.0863693274898368	-0.1077805566809849	287	4827	5113	1	2	0
PC3	MTOR	LJP007_PC3_24H:K23	BRD-A25736793	everolimus	0.12	uM	24	False	2	0.6262	0.366688	1	1	0.2328517735004425	0.2328051775185584	0.2466069942796562	5112	2	5113	2	2	0
PC3	BUB1B	LJP007_PC3_24H:K24	BRD-A25736793	everolimus	0.04	uM	24	False	2	0.2202	0.213263	1	1	-0.0201984494924545	-0.0185494053193634	-0.0633674391542457	2006	3108	5113	1	2	0
PC3	MTOR	LJP007_PC3_24H:K24	BRD-A25736793	everolimus	0.04	uM	24	False	2	0.2202	0.213263	1	1	0.1390386521816253	0.1395338766057077	0.1368811035010186	3945	1169	5113	2	2	0
PC3	BUB1B	LPROT005_PC3_6H:BRD-K13514097:0.1	BRD-K13514097	everolimus	0.1	uM	6	False	3	0.38	0.316616	0	0	0.0361990593373775	0.0375243030617405	-0.0048502744695625	2886	2228	5113	1	2	0
PC3	MTOR	LPROT005_PC3_6H:BRD-K13514097:0.1	BRD-K13514097	everolimus	0.1	uM	6	False	3	0.38	0.316616	0	0	0.0784131810069084	0.0787440431956522	0.0758450793314864	3943	1171	5113	2	2	0
PC3	BUB1B	REP.A010_PC3_24H:H01	BRD-K13154216	everolimus	10.0	uM	24	False	3	0.6704	0.552303	0	0	-0.0086678471416234	-0.0088854474599382	-0.0561430856250484	1775	3339	5113	1	2	0
PC3	MTOR	REP.A010_PC3_24H:H01	BRD-K13154216	everolimus	10.0	uM	24	False	3	0.6704	0.552303	0	0	0.2085707485675811	0.2086006408483318	0.2031406182612922	5028	86	5113	2	2	0
PC3	BUB1B	REP.A010_PC3_24H:H02	BRD-K13154216	everolimus	3.33333	uM	24	False	3	0.6294	0.493871	0	0	0.0002678005548659	0.0004484878032008	-0.0346574381127273	1958	3156	5113	1	2	0
PC3	MTOR	REP.A010_PC3_24H:H02	BRD-K13154216	everolimus	3.33333	uM	24	False	3	0.6294	0.493871	0	0	0.2477427721023559	0.2478686856947446	0.2509930946267829	5111	3	5113	2	2	0
PC3	BUB1B	REP.A010_PC3_24H:H03	BRD-K13154216	everolimus	1.11111	uM	24	False	3	0.6378	0.496499	0	0	-0.0195226576179265	-0.019877297589213	-0.0600060556551094	1355	3759	5113	1	2	0
PC3	MTOR	REP.A010_PC3_24H:H03	BRD-K13154216	everolimus	1.11111	uM	24	False	3	0.6378	0.496499	0	0	0.2256497591733932	0.2256253307157647	0.2255886918164073	5106	8	5113	2	2	0
PC3	BUB1B	REP.A010_PC3_24H:H04	BRD-K13154216	everolimus	0.37037	uM	24	False	3	0.7129	0.534549	0	0	-0.0066925571300089	-0.0058871004850472	-0.0429303470687509	1782	3332	5113	1	2	0
PC3	MTOR	REP.A010_PC3_24H:H04	BRD-K13154216	everolimus	0.37037	uM	24	False	3	0.7129	0.534549	0	0	0.2235000878572464	0.2237023166130876	0.2260926883261377	5109	5	5113	2	2	0
PC3	BUB1B	REP.A010_PC3_24H:H05	BRD-K13154216	everolimus	0.123457	uM	24	False	3	0.7195	0.534959	0	0	0.0006452683592215	0.0009880783104432	-0.0385198416752542	1946	3168	5113	1	2	0
PC3	MTOR	REP.A010_PC3_24H:H05	BRD-K13154216	everolimus	0.123457	uM	24	False	3	0.7195	0.534959	0	0	0.2209323644638061	0.2210769631526106	0.2212383789587317	5104	10	5113	2	2	0
PC3	BUB1B	REP.A010_PC3_24H:H06	BRD-K13154216	everolimus	0.0411523	uM	24	False	3	0.6332	0.50056	0	0	-0.0029071422759443	-0.0028208897162135	-0.0369231984270037	1882	3232	5113	1	2	0
PC3	MTOR	REP.A010_PC3_24H:H06	BRD-K13154216	everolimus	0.0411523	uM	24	False	3	0.6332	0.50056	0	0	0.2439446896314621	0.2440474805675873	0.2479208909112387	5111	3	5113	2	2	0
PC3	BUB1B	REP.B010_PC3_24H:H01	BRD-K13154216	everolimus	2.30769	uM	24	False	2	0.5095	0.432464	0	0	0.0265144985169172	0.0283448759420335	-0.0226416802231177	2433	2681	5113	1	2	0
PC3	MTOR	REP.B010_PC3_24H:H01	BRD-K13154216	everolimus	2.30769	uM	24	False	2	0.5095	0.432464	0	0	0.1905053108930587	0.1910454411445659	0.182390079699945	4960	154	5113	2	2	0
PC3	BUB1B	REP.B010_PC3_24H:H02	BRD-K13154216	everolimus	0.769231	uM	24	False	2	0.5575	0.42976	0	0	0.0135826673358678	0.0144983134579636	-0.0299278195321491	2278	2836	5113	1	2	0
PC3	MTOR	REP.B010_PC3_24H:H02	BRD-K13154216	everolimus	0.769231	uM	24	False	2	0.5575	0.42976	0	0	0.1844900250434875	0.1847787389706456	0.181104255229661	5002	112	5113	2	2	0
PC3	BUB1B	REP.B010_PC3_24H:H03	BRD-K13154216	everolimus	0.25641	uM	24	False	2	0.5387	0.432756	0	0	0.030795220285654	0.0308523235828604	-0.0125366324534128	2624	2490	5113	1	2	0
PC3	MTOR	REP.B010_PC3_24H:H03	BRD-K13154216	everolimus	0.25641	uM	24	False	2	0.5387	0.432756	0	0	0.2030553668737411	0.2031444729217603	0.1993109367168344	5096	18	5113	2	2	0
PC3	BUB1B	REP.B010_PC3_24H:H04	BRD-K13154216	everolimus	0.0854701	uM	24	False	2	0.4783	0.431661	0	0	-0.0049109295941889	-0.0040638562676199	-0.0669544463552878	1406	3708	5113	1	2	0
PC3	MTOR	REP.B010_PC3_24H:H04	BRD-K13154216	everolimus	0.0854701	uM	24	False	2	0.4783	0.431661	0	0	0.2008176445960998	0.2010393988870988	0.184565356815318	5067	47	5113	2	2	0
PC3	BUB1B	REP.B010_PC3_24H:H05	BRD-K13154216	everolimus	0.02849	uM	24	False	2	0.4877	0.411156	0	0	0.0052736136130988	0.0072875794233346	-0.0460373015280051	1999	3114	5113	1	2	0
PC3	MTOR	REP.B010_PC3_24H:H05	BRD-K13154216	everolimus	0.02849	uM	24	False	2	0.4877	0.411156	0	0	0.209042876958847	0.2096057379262779	0.2003330725073871	4970	144	5113	2	2	0
PC3	BUB1B	REP.B010_PC3_24H:H06	BRD-K13154216	everolimus	0.00949668	uM	24	False	2	0.4745	0.379601	0	0	0.0329624973237514	0.0350967060848536	-0.0135252644778823	2542	2572	5113	1	2	0
PC3	MTOR	REP.B010_PC3_24H:H06	BRD-K13154216	everolimus	0.00949668	uM	24	False	2	0.4745	0.379601	0	0	0.2543271780014038	0.2550078798532373	0.2485383695785877	5105	9	5113	2	2	0
